{
    "actual": [
        1900,
        2800,
        2200,
        1500,
        1600,
        1800,
        2600,
        1700,
        2100,
        2200
    ],
    "predicted": [
        1900.0000000000002,
        2800.0,
        2200.0,
        1500.0000000000005,
        1600.0000000000005,
        1800.0000000000002,
        2600.0,
        1700.0000000000005,
        2100.0,
        2200.0
    ]
}